stage,seed,n_video,video,backbone,accuracy,f1
FE,37,full,65,FL-BB,0.9054991991457555,0.6426648078503566
FE,37,full,77,FL-BB,0.8780975219824141,0.7903056432427735
FE,37,full,50,FL-BB,0.7138939670932358,0.6603374908042685
FE,37,full,69,FL-BB,0.8845901639344262,0.6893666915094391
FE,37,full,71,FL-BB,0.7351888667992048,0.67452967712435
FE,37,full,63,FL-BB,0.7710457325953977,0.615479810626127
FE,37,full,57,FL-BB,0.7104863221884499,0.6637990813265419
FE,37,full,56,FL-BB,0.7001090512540894,0.6407126469664656
FE,37,full,58,FL-BB,0.5516435841815451,0.4618773830535255
FE,37,full,78,FL-BB,0.8362652232746955,0.7997542908446922
FE,37,full,75,FL-BB,0.87467498699948,0.6580169507819666
FE,37,full,49,FL-BB,0.8587672052663076,0.804088577365787
FE,37,full,54,FL-BB,0.8774193548387097,0.7315674631166803
FE,37,full,66,FL-BB,0.8887061403508771,0.8176780745951032
FE,37,full,76,FL-BB,0.7685919214798037,0.6961046133149067
FE,37,full,70,FL-BB,0.7554438860971524,0.6548477659172774
FE,37,full,53,FL-BB,0.8154127322570819,0.6610873751020205
FE,37,full,55,FL-BB,0.9112825458052073,0.813476984887468
FE,37,full,74,FL-BB,0.6811505507955936,0.6467749094093599
FE,37,full,59,FL-BB,0.9273422562141491,0.8433757497409885
FE,37,full,61,FL-BB,0.8285325470628261,0.6411533641784698
FE,37,full,60,FL-BB,0.6465244865718799,0.5795877967025371
FE,37,full,80,FL-BB,0.8393271461716937,0.742483263693909
FE,37,full,79,FL-BB,0.8479789103690686,0.7523026905746618
FE,37,full,52,FL-BB,0.8880976602238047,0.8010651008862117
FE,37,full,68,FL-BB,0.8666328600405679,0.8022992089263112
FE,37,full,51,FL-BB,0.8067255434782609,0.7467890990190503
FE,37,full,72,FL-BB,0.7450096587250483,0.7320083178849118
FE,37,full,67,FL-BB,0.8470038249043774,0.7712993340913098
FE,37,full,64,FL-BB,0.8040033361134279,0.7500025076487579
FE,37,full,73,FL-BB,0.8820058997050148,0.8345285002774325
FE,37,full,62,FL-BB,0.8090551181102362,0.8023368177939176
FE,1665,full,65,FL-BB,0.8916177255739456,0.6178178217847784
FE,1665,full,77,FL-BB,0.8697042366107114,0.7908394695609455
FE,1665,full,50,FL-BB,0.783363802559415,0.58132842271423
FE,1665,full,69,FL-BB,0.9359562841530055,0.6970057082835044
FE,1665,full,71,FL-BB,0.7642147117296223,0.5841932436438252
FE,1665,full,63,FL-BB,0.7623070200990387,0.6025047678942912
FE,1665,full,57,FL-BB,0.7822948328267477,0.6819222363972255
FE,1665,full,56,FL-BB,0.7191930207197382,0.6554361077741243
FE,1665,full,58,FL-BB,0.5795094276656099,0.45194495552324765
FE,1665,full,78,FL-BB,0.8064952638700947,0.7513212673626966
FE,1665,full,75,FL-BB,0.8476339053562143,0.6617252035214246
FE,1665,full,49,FL-BB,0.8623578695391981,0.8151168870264965
FE,1665,full,54,FL-BB,0.817741935483871,0.7080912247261326
FE,1665,full,66,FL-BB,0.8777412280701754,0.8003015388685848
FE,1665,full,76,FL-BB,0.8123820309550774,0.719367700921672
FE,1665,full,70,FL-BB,0.8132328308207705,0.6934998814925183
FE,1665,full,53,FL-BB,0.7828205909229363,0.6648805109213217
FE,1665,full,55,FL-BB,0.892960462873674,0.8057830744843104
FE,1665,full,74,FL-BB,0.6609547123623011,0.6540550291663785
FE,1665,full,59,FL-BB,0.9015296367112811,0.7951343639338734
FE,1665,full,61,FL-BB,0.8103878430483102,0.6110183531132448
FE,1665,full,60,FL-BB,0.7950236966824644,0.6527617771617812
FE,1665,full,80,FL-BB,0.8549883990719258,0.7023258901986903
FE,1665,full,79,FL-BB,0.8749267721148213,0.7010336682127966
FE,1665,full,52,FL-BB,0.9003051881993896,0.8368276250480913
FE,1665,full,68,FL-BB,0.8438133874239351,0.7582422185360738
FE,1665,full,51,FL-BB,0.8206521739130435,0.7371868648954111
FE,1665,full,72,FL-BB,0.7050869285254346,0.6946106235582806
FE,1665,full,67,FL-BB,0.8805779855503613,0.7713666580488928
FE,1665,full,64,FL-BB,0.8311092577147623,0.7461551499411322
FE,1665,full,73,FL-BB,0.8797935103244838,0.8086434847023322
FE,1665,full,62,FL-BB,0.8508858267716536,0.7697134064211192
FE,8914,full,65,FL-BB,0.9044313934863855,0.6429291132816003
FE,8914,full,77,FL-BB,0.8864908073541167,0.7986841675412556
FE,8914,full,50,FL-BB,0.7093235831809872,0.5794625013709511
FE,8914,full,69,FL-BB,0.8893989071038252,0.7047769793961719
FE,8914,full,71,FL-BB,0.7240556660039762,0.5498642140058448
FE,8914,full,63,FL-BB,0.8051267113311972,0.6484489046214886
FE,8914,full,57,FL-BB,0.7488601823708206,0.6817336250177949
FE,8914,full,56,FL-BB,0.6952017448200655,0.6719351673183187
FE,8914,full,58,FL-BB,0.6257300183547472,0.5212849654419218
FE,8914,full,78,FL-BB,0.8633288227334236,0.8393461529500653
FE,8914,full,75,FL-BB,0.8684347373894956,0.670052771077646
FE,8914,full,49,FL-BB,0.8749251944943148,0.8190104358420509
FE,8914,full,54,FL-BB,0.8380645161290322,0.6638000670909234
FE,8914,full,66,FL-BB,0.8755482456140351,0.7718914236801452
FE,8914,full,76,FL-BB,0.7599093997734995,0.7208356245130056
FE,8914,full,70,FL-BB,0.7654941373534339,0.6709080458483795
FE,8914,full,53,FL-BB,0.7968321657021017,0.6839392784830446
FE,8914,full,55,FL-BB,0.8987463837994214,0.7977737356518935
FE,8914,full,74,FL-BB,0.6805385556915544,0.6452587231240882
FE,8914,full,59,FL-BB,0.9254302103250478,0.8584560006711169
FE,8914,full,61,FL-BB,0.8364708550691767,0.6279319045550336
FE,8914,full,60,FL-BB,0.759083728278041,0.6176824749474111
FE,8914,full,80,FL-BB,0.861368909512761,0.7600702436112373
FE,8914,full,79,FL-BB,0.848564733450498,0.7445021200427976
FE,8914,full,52,FL-BB,0.8835198372329603,0.8036319845932398
FE,8914,full,68,FL-BB,0.8615618661257607,0.8002160021419421
FE,8914,full,51,FL-BB,0.7931385869565217,0.737420350492091
FE,8914,full,72,FL-BB,0.7491951062459755,0.7256159485528804
FE,8914,full,67,FL-BB,0.8533786655333616,0.7631555174408108
FE,8914,full,64,FL-BB,0.8190158465387823,0.7548433035045677
FE,8914,full,73,FL-BB,0.8974926253687315,0.8469488605917215
FE,8914,full,62,FL-BB,0.8361220472440944,0.7762134446655425
FE,37,full,65,CEN-BB,0.8862786972770955,0.6367615070583401
FE,37,full,77,CEN-BB,0.9056754596322941,0.8236473518301846
FE,37,full,50,CEN-BB,0.6636197440585009,0.5596243441715354
FE,37,full,69,CEN-BB,0.899016393442623,0.6940915885374137
FE,37,full,71,CEN-BB,0.7009940357852883,0.5308776512824676
FE,37,full,63,CEN-BB,0.8007573550830178,0.6842086024960486
FE,37,full,57,CEN-BB,0.7632978723404256,0.68809169360986
FE,37,full,56,CEN-BB,0.7241003271537623,0.6485444638769647
FE,37,full,58,CEN-BB,0.5689971633572501,0.45682978694315246
FE,37,full,78,CEN-BB,0.8741542625169147,0.8348306984612809
FE,37,full,75,CEN-BB,0.8866354654186167,0.6611619090058454
FE,37,full,49,CEN-BB,0.8737283064033513,0.791292154352878
FE,37,full,54,CEN-BB,0.8690322580645161,0.778404496702505
FE,37,full,66,CEN-BB,0.8558114035087719,0.7109528368254823
FE,37,full,76,CEN-BB,0.7580218950547376,0.6987866972357984
FE,37,full,70,CEN-BB,0.8132328308207705,0.6970174712905698
FE,37,full,53,CEN-BB,0.8464818763326226,0.7184918284527928
FE,37,full,55,CEN-BB,0.9006750241080038,0.7935883975290999
FE,37,full,74,CEN-BB,0.6376988984088128,0.6430164770272903
FE,37,full,59,CEN-BB,0.9082217973231358,0.8109533826132375
FE,37,full,61,CEN-BB,0.8142435926513949,0.6160339139485116
FE,37,full,60,CEN-BB,0.5983412322274881,0.5885542662776221
FE,37,full,80,CEN-BB,0.7900232018561485,0.6802319906574612
FE,37,full,79,CEN-BB,0.7659636789689513,0.7097517839229128
FE,37,full,52,CEN-BB,0.9252288911495422,0.8724398846386195
FE,37,full,68,CEN-BB,0.8711967545638946,0.8149457230830465
FE,37,full,51,CEN-BB,0.7520380434782609,0.7330557522027654
FE,37,full,72,CEN-BB,0.7446877012234385,0.710075632287534
FE,37,full,67,CEN-BB,0.777305567360816,0.7296286622046606
FE,37,full,64,CEN-BB,0.7614678899082569,0.6992910014529351
FE,37,full,73,CEN-BB,0.8893805309734514,0.8350171784752395
FE,37,full,62,CEN-BB,0.7534448818897638,0.7292011556189001
FE,1665,full,65,CEN-BB,0.9022957821676455,0.6465697705134582
FE,1665,full,77,CEN-BB,0.8924860111910472,0.8061955920694077
FE,1665,full,50,CEN-BB,0.7513711151736746,0.6141662960702637
FE,1665,full,69,CEN-BB,0.9289617486338798,0.7369021488024883
FE,1665,full,71,CEN-BB,0.7669980119284294,0.6017802854193383
FE,1665,full,63,CEN-BB,0.830468977570638,0.691734528056779
FE,1665,full,57,CEN-BB,0.8123100303951368,0.7190890459054057
FE,1665,full,56,CEN-BB,0.7709923664122137,0.6866385261298643
FE,1665,full,58,CEN-BB,0.6048723510762556,0.4912073810370025
FE,1665,full,78,CEN-BB,0.8606224627875507,0.8240559446925364
FE,1665,full,75,CEN-BB,0.8736349453978159,0.6957031914587802
FE,1665,full,49,CEN-BB,0.9024536205864752,0.840392114515416
FE,1665,full,54,CEN-BB,0.8380645161290322,0.7147706097160319
FE,1665,full,66,CEN-BB,0.8892543859649122,0.7876015593761493
FE,1665,full,76,CEN-BB,0.7281993204983013,0.6915407470279489
FE,1665,full,70,CEN-BB,0.847571189279732,0.7627423447238731
FE,1665,full,53,CEN-BB,0.8507462686567164,0.717610997822389
FE,1665,full,55,CEN-BB,0.9093539054966249,0.8004201340226027
FE,1665,full,74,CEN-BB,0.6829865361077111,0.6638845481624249
FE,1665,full,59,CEN-BB,0.9139579349904398,0.8342861205303062
FE,1665,full,61,CEN-BB,0.8369244726695396,0.641419317568665
FE,1665,full,60,CEN-BB,0.6370458135860979,0.5857737004824373
FE,1665,full,80,CEN-BB,0.8335266821345708,0.7301940744006787
FE,1665,full,79,CEN-BB,0.8265963678968952,0.7414509283347149
FE,1665,full,52,CEN-BB,0.917090539165819,0.8575879686266072
FE,1665,full,68,CEN-BB,0.8828600405679513,0.8130526047609462
FE,1665,full,51,CEN-BB,0.7476222826086957,0.732797779982849
FE,1665,full,72,CEN-BB,0.7572440437862202,0.7245452021554051
FE,1665,full,67,CEN-BB,0.852953676158096,0.7638396482828996
FE,1665,full,64,CEN-BB,0.8073394495412844,0.7530602330306089
FE,1665,full,73,CEN-BB,0.894542772861357,0.8410257581768018
FE,1665,full,62,CEN-BB,0.8302165354330708,0.7928530436760989
FE,8914,full,65,CEN-BB,0.9161772557394554,0.6540026181581524
FE,8914,full,77,CEN-BB,0.846123101518785,0.761632108835706
FE,8914,full,50,CEN-BB,0.7394881170018281,0.5557681796458697
FE,8914,full,69,CEN-BB,0.940983606557377,0.7335790371485693
FE,8914,full,71,CEN-BB,0.7347912524850895,0.5825498354614949
FE,8914,full,63,CEN-BB,0.8211476842411884,0.6519835265885826
FE,8914,full,57,CEN-BB,0.7727963525835866,0.6754967414824579
FE,8914,full,56,CEN-BB,0.7595419847328244,0.6859349238776475
FE,8914,full,58,CEN-BB,0.6379108960453863,0.4862716618151869
FE,8914,full,78,CEN-BB,0.8227334235453315,0.7686640691932467
FE,8914,full,75,CEN-BB,0.891315652626105,0.6981306899811752
FE,8914,full,49,CEN-BB,0.8821065230400957,0.8130903327108567
FE,8914,full,54,CEN-BB,0.8638709677419355,0.7638051983524516
FE,8914,full,66,CEN-BB,0.8558114035087719,0.7407001530764996
FE,8914,full,76,CEN-BB,0.763684409211023,0.706670855244402
FE,8914,full,70,CEN-BB,0.8659966499162479,0.7415095716310488
FE,8914,full,53,CEN-BB,0.8266829119707585,0.6925092163770569
FE,8914,full,55,CEN-BB,0.8900675024108003,0.7749654011130798
FE,8914,full,74,CEN-BB,0.6964504283965728,0.6615211845688788
FE,8914,full,59,CEN-BB,0.9149139579349904,0.8239399503197445
FE,8914,full,61,CEN-BB,0.837604899070084,0.6284810139252635
FE,8914,full,60,CEN-BB,0.669826224328594,0.5448641047896882
FE,8914,full,80,CEN-BB,0.851508120649652,0.6963380452530548
FE,8914,full,79,CEN-BB,0.8295254833040422,0.6993179250248283
FE,8914,full,52,CEN-BB,0.8799593082400814,0.8151951555313752
FE,8914,full,68,CEN-BB,0.8661257606490872,0.7900264868976137
FE,8914,full,51,CEN-BB,0.8043478260869565,0.7294346140545978
FE,8914,full,72,CEN-BB,0.7392144236960722,0.7027683908460934
FE,8914,full,67,CEN-BB,0.8550786230344242,0.7674000417959489
FE,8914,full,64,CEN-BB,0.8265221017514596,0.7500975388404246
FE,8914,full,73,CEN-BB,0.9019174041297935,0.8432766654029358
FE,8914,full,62,CEN-BB,0.8494094488188977,0.7909596084002312
FE,37,2,65,FL-BB,0.7373198077949813,0.5469424851317157
FE,37,2,77,FL-BB,0.6310951239008793,0.49010038103414705
FE,37,2,50,FL-BB,0.44881170018281535,0.444868644294137
FE,37,2,69,FL-BB,0.5005464480874317,0.3571315066461494
FE,37,2,71,FL-BB,0.504572564612326,0.351340864904242
FE,37,2,63,FL-BB,0.67491989513545,0.40118538832641065
FE,37,2,57,FL-BB,0.5037993920972644,0.3805939522825078
FE,37,2,56,FL-BB,0.42639040348964014,0.37082073028865015
FE,37,2,58,FL-BB,0.4655431336559319,0.2783463420559079
FE,37,2,78,FL-BB,0.37483085250338294,0.33756151168510484
FE,37,2,75,FL-BB,0.7987519500780031,0.4988568122373299
FE,37,2,49,FL-BB,0.5062836624775583,0.46346899775082456
FE,37,2,54,FL-BB,0.5258064516129032,0.40992212254458965
FE,37,2,66,FL-BB,0.6447368421052632,0.3817095187113955
FE,37,2,76,FL-BB,0.487353718384296,0.3219542781515292
FE,37,2,70,FL-BB,0.4212730318257956,0.3925798508786612
FE,37,2,53,FL-BB,0.5787389582698751,0.40721691372416957
FE,37,2,55,FL-BB,0.7097396335583414,0.4200283028977406
FE,37,2,74,FL-BB,0.42105263157894735,0.2608058400867914
FE,37,2,59,FL-BB,0.630019120458891,0.39221140856109393
FE,37,2,61,FL-BB,0.6770242685416195,0.3579861421943251
FE,37,2,60,FL-BB,0.44273301737756715,0.416193247677464
FE,37,2,80,FL-BB,0.660092807424594,0.4379238416044213
FE,37,2,79,FL-BB,0.6133567662565905,0.40866895096216027
FE,37,2,52,FL-BB,0.5213631739572736,0.4629338228835675
FE,37,2,68,FL-BB,0.7155172413793104,0.5283923142872194
FE,37,2,51,FL-BB,0.38654891304347827,0.36835415978152913
FE,37,2,72,FL-BB,0.7205408886027045,0.504620290346642
FE,37,2,67,FL-BB,0.6430089247768805,0.4189144295277858
FE,37,2,64,FL-BB,0.5383653044203502,0.35851781963403656
FE,37,2,73,FL-BB,0.6784660766961652,0.5176722591966564
FE,37,2,62,FL-BB,0.6545275590551181,0.46278121625656066
FE,1665,2,65,FL-BB,0.7725573945541911,0.508727425180943
FE,1665,2,77,FL-BB,0.749400479616307,0.656556527433222
FE,1665,2,50,FL-BB,0.6115173674588665,0.41389161057072504
FE,1665,2,69,FL-BB,0.7466666666666667,0.5429150577681613
FE,1665,2,71,FL-BB,0.6759443339960238,0.4039861447935768
FE,1665,2,63,FL-BB,0.49490241771045734,0.3176289258352178
FE,1665,2,57,FL-BB,0.5771276595744681,0.45934424500860976
FE,1665,2,56,FL-BB,0.6123227917121047,0.44407480826841006
FE,1665,2,58,FL-BB,0.3824461872184215,0.3162586625346959
FE,1665,2,78,FL-BB,0.6035182679296346,0.5821035360872017
FE,1665,2,75,FL-BB,0.7113884555382215,0.4490566193216528
FE,1665,2,49,FL-BB,0.7618192698982645,0.6549877252442246
FE,1665,2,54,FL-BB,0.7690322580645161,0.6502513636575417
FE,1665,2,66,FL-BB,0.65625,0.6329313757515183
FE,1665,2,76,FL-BB,0.7044167610419027,0.6578535827592147
FE,1665,2,70,FL-BB,0.6633165829145728,0.6095753031014036
FE,1665,2,53,FL-BB,0.6399634480657935,0.5805198137072892
FE,1665,2,55,FL-BB,0.6644165863066538,0.5700694943902761
FE,1665,2,74,FL-BB,0.4620563035495716,0.3941135330390578
FE,1665,2,59,FL-BB,0.7533460803059273,0.5172977522363535
FE,1665,2,61,FL-BB,0.7042413245633931,0.4901914344799378
FE,1665,2,60,FL-BB,0.24960505529225907,0.2571422129772107
FE,1665,2,80,FL-BB,0.6624129930394431,0.47441467307951896
FE,1665,2,79,FL-BB,0.7548330404217927,0.5197047269138783
FE,1665,2,52,FL-BB,0.788911495422177,0.6992360380818089
FE,1665,2,68,FL-BB,0.7418864097363083,0.6690364949958296
FE,1665,2,51,FL-BB,0.5407608695652174,0.4381744649231874
FE,1665,2,72,FL-BB,0.6300708306503542,0.5558795344717493
FE,1665,2,67,FL-BB,0.7050573735656609,0.6041494231591865
FE,1665,2,64,FL-BB,0.7631359466221852,0.6255846862457629
FE,1665,2,73,FL-BB,0.7330383480825958,0.6006772849069983
FE,1665,2,62,FL-BB,0.4498031496062992,0.5167171098319009
FE,8914,2,65,FL-BB,0.6962092899092365,0.38931675743586874
FE,8914,2,77,FL-BB,0.6734612310151878,0.548569116019041
FE,8914,2,50,FL-BB,0.6352833638025595,0.34977502216181866
FE,8914,2,69,FL-BB,0.5982513661202186,0.3211439637057931
FE,8914,2,71,FL-BB,0.6882703777335984,0.3488073345436777
FE,8914,2,63,FL-BB,0.4477133702301194,0.3435016025470729
FE,8914,2,57,FL-BB,0.5809270516717325,0.4531513116893257
FE,8914,2,56,FL-BB,0.4372955288985823,0.3786655492396368
FE,8914,2,58,FL-BB,0.6916402469547805,0.4098560779247968
FE,8914,2,78,FL-BB,0.4790257104194858,0.3914894169903624
FE,8914,2,75,FL-BB,0.7020280811232449,0.3904465641506757
FE,8914,2,49,FL-BB,0.6762417713943746,0.5158787701280655
FE,8914,2,54,FL-BB,0.47,0.3192096002961536
FE,8914,2,66,FL-BB,0.7088815789473685,0.531676730969801
FE,8914,2,76,FL-BB,0.7093242733106833,0.4962234069808816
FE,8914,2,70,FL-BB,0.6055276381909548,0.5090354720386226
FE,8914,2,53,FL-BB,0.7416996649406031,0.5266532315988937
FE,8914,2,55,FL-BB,0.7174541947926711,0.5198744386289018
FE,8914,2,74,FL-BB,0.3219094247246022,0.28842046173129704
FE,8914,2,59,FL-BB,0.6644359464627151,0.43629321805116666
FE,8914,2,61,FL-BB,0.593105012474484,0.2899663939026807
FE,8914,2,60,FL-BB,0.6461295418641391,0.41685981358100616
FE,8914,2,80,FL-BB,0.7308584686774942,0.46315526516575456
FE,8914,2,79,FL-BB,0.5761570005858231,0.39152132053440286
FE,8914,2,52,FL-BB,0.714649033570702,0.5390581740245364
FE,8914,2,68,FL-BB,0.7616632860040567,0.5692965066279593
FE,8914,2,51,FL-BB,0.5730298913043478,0.4519529365309793
FE,8914,2,72,FL-BB,0.5672891178364456,0.49137002631839877
FE,8914,2,67,FL-BB,0.5057373565660859,0.3347958253766255
FE,8914,2,64,FL-BB,0.677231025854879,0.489540333760758
FE,8914,2,73,FL-BB,0.640117994100295,0.5190388803971399
FE,8914,2,62,FL-BB,0.6373031496062992,0.4866640472306835
FE,37,2,65,CEN-BB,0.7560064068339563,0.5258358378502923
FE,37,2,77,CEN-BB,0.7581934452438049,0.6419263782239624
FE,37,2,50,CEN-BB,0.5639853747714808,0.4753318821859895
FE,37,2,69,CEN-BB,0.6640437158469945,0.44601529931048767
FE,37,2,71,CEN-BB,0.5721669980119284,0.38514340613072257
FE,37,2,63,CEN-BB,0.7028837751237984,0.48101694674915674
FE,37,2,57,CEN-BB,0.60790273556231,0.5351238426007183
FE,37,2,56,CEN-BB,0.6003271537622683,0.49087948434641887
FE,37,2,58,CEN-BB,0.47989320874353414,0.34605692709679975
FE,37,2,78,CEN-BB,0.5115020297699594,0.5079205778895262
FE,37,2,75,CEN-BB,0.8242329693187728,0.5581020526701178
FE,37,2,49,CEN-BB,0.7121484141232794,0.6731804539878177
FE,37,2,54,CEN-BB,0.6919354838709677,0.49639229365166854
FE,37,2,66,CEN-BB,0.737390350877193,0.5838419977795237
FE,37,2,76,CEN-BB,0.5013212533031333,0.31870224781441003
FE,37,2,70,CEN-BB,0.509212730318258,0.5038039003762564
FE,37,2,53,CEN-BB,0.6609808102345416,0.5077474526472178
FE,37,2,55,CEN-BB,0.630665380906461,0.4480952612329339
FE,37,2,74,CEN-BB,0.4645042839657283,0.43589947943593643
FE,37,2,59,CEN-BB,0.7609942638623327,0.5300484947480963
FE,37,2,61,CEN-BB,0.7042413245633931,0.4121375651009497
FE,37,2,60,CEN-BB,0.4178515007898894,0.41815226844695597
FE,37,2,80,CEN-BB,0.7505800464037123,0.5901848438600192
FE,37,2,79,CEN-BB,0.7226127709431751,0.6077595424137494
FE,37,2,52,CEN-BB,0.6500508646998983,0.5756103447044801
FE,37,2,68,CEN-BB,0.6779918864097363,0.5738109718172791
FE,37,2,51,CEN-BB,0.501358695652174,0.48376797227383517
FE,37,2,72,CEN-BB,0.7382485511912428,0.6106664780448077
FE,37,2,67,CEN-BB,0.6353591160220995,0.39401150504813237
FE,37,2,64,CEN-BB,0.6321934945788157,0.4938855466365385
FE,37,2,73,CEN-BB,0.7890855457227138,0.7118429339556973
FE,37,2,62,CEN-BB,0.5964566929133859,0.5005985501542913
FE,1665,2,65,CEN-BB,0.813667912439936,0.5489502192846062
FE,1665,2,77,CEN-BB,0.7821742605915267,0.715453101210442
FE,1665,2,50,CEN-BB,0.4936014625228519,0.2900007218840344
FE,1665,2,69,CEN-BB,0.6137704918032787,0.4090634991118578
FE,1665,2,71,CEN-BB,0.5025844930417495,0.32907457589243744
FE,1665,2,63,CEN-BB,0.6297698805709292,0.3934495087070083
FE,1665,2,57,CEN-BB,0.5626899696048632,0.4834088014830971
FE,1665,2,56,CEN-BB,0.623773173391494,0.39077141194641085
FE,1665,2,58,CEN-BB,0.30852661438344736,0.2550209770815885
FE,1665,2,78,CEN-BB,0.6373477672530447,0.5263357378665862
FE,1665,2,75,CEN-BB,0.8185127405096204,0.519682823028829
FE,1665,2,49,CEN-BB,0.7408737283064033,0.6701111719744827
FE,1665,2,54,CEN-BB,0.7280645161290322,0.5366545348970159
FE,1665,2,66,CEN-BB,0.6058114035087719,0.569389711183824
FE,1665,2,76,CEN-BB,0.5771989429973575,0.5160092965019464
FE,1665,2,70,CEN-BB,0.6373534338358459,0.604658062313613
FE,1665,2,53,CEN-BB,0.7088029241547366,0.6075892247658434
FE,1665,2,55,CEN-BB,0.5101253616200578,0.49062232183156834
FE,1665,2,74,CEN-BB,0.4143206854345165,0.3925449810132165
FE,1665,2,59,CEN-BB,0.7762906309751434,0.6627948015111479
FE,1665,2,61,CEN-BB,0.7441596733953277,0.4885523416568692
FE,1665,2,60,CEN-BB,0.40086887835703,0.3595205598468007
FE,1665,2,80,CEN-BB,0.6467517401392111,0.4371703893905922
FE,1665,2,79,CEN-BB,0.7747510251903925,0.5647479449782343
FE,1665,2,52,CEN-BB,0.7772126144455748,0.6997376780755562
FE,1665,2,68,CEN-BB,0.6318458417849898,0.5930998255084962
FE,1665,2,51,CEN-BB,0.5088315217391305,0.38295315626786147
FE,1665,2,72,CEN-BB,0.6925305859626529,0.6142438638722983
FE,1665,2,67,CEN-BB,0.7110072248193795,0.5708706851077795
FE,1665,2,64,CEN-BB,0.6538782318598833,0.5831266611124855
FE,1665,2,73,CEN-BB,0.8089970501474927,0.7071628259420908
FE,1665,2,62,CEN-BB,0.4670275590551181,0.4687454263543544
FE,8914,2,65,CEN-BB,0.6823278163374266,0.39948808450763434
FE,8914,2,77,CEN-BB,0.645083932853717,0.5199708067897156
FE,8914,2,50,CEN-BB,0.6343692870201096,0.4575649238961932
FE,8914,2,69,CEN-BB,0.6566120218579234,0.3808008529774266
FE,8914,2,71,CEN-BB,0.7089463220675944,0.41718516863905003
FE,8914,2,63,CEN-BB,0.6073405184969415,0.33552259220519215
FE,8914,2,57,CEN-BB,0.5714285714285714,0.4033834939800642
FE,8914,2,56,CEN-BB,0.5779716466739367,0.3788405154056986
FE,8914,2,58,CEN-BB,0.6345736692808276,0.33813196800193385
FE,8914,2,78,CEN-BB,0.5764546684709067,0.4588958974742218
FE,8914,2,75,CEN-BB,0.7977119084763391,0.4054772361751751
FE,8914,2,49,CEN-BB,0.7402752842609216,0.5942612103952954
FE,8914,2,54,CEN-BB,0.5409677419354839,0.41405313444107333
FE,8914,2,66,CEN-BB,0.7209429824561403,0.5954102190961273
FE,8914,2,76,CEN-BB,0.6070215175537939,0.45883988931497866
FE,8914,2,70,CEN-BB,0.6867671691792295,0.58695716586613
FE,8914,2,53,CEN-BB,0.7782515991471215,0.5274917431313837
FE,8914,2,55,CEN-BB,0.6181292189006751,0.502393229261416
FE,8914,2,74,CEN-BB,0.412484700122399,0.3798048349890148
FE,8914,2,59,CEN-BB,0.7304015296367112,0.4394137169686087
FE,8914,2,61,CEN-BB,0.6477659333182127,0.29547248339573795
FE,8914,2,60,CEN-BB,0.6090047393364929,0.39130356791336646
FE,8914,2,80,CEN-BB,0.7296983758700696,0.41635782289265666
FE,8914,2,79,CEN-BB,0.5764499121265377,0.4482777942343851
FE,8914,2,52,CEN-BB,0.7141403865717192,0.597159353923013
FE,8914,2,68,CEN-BB,0.712474645030426,0.5552985939552211
FE,8914,2,51,CEN-BB,0.5723505434782609,0.4388978735390438
FE,8914,2,72,CEN-BB,0.5849967804249839,0.5148742906666877
FE,8914,2,67,CEN-BB,0.5932851678708032,0.4178257036674486
FE,8914,2,64,CEN-BB,0.6534612176814012,0.44916132482692045
FE,8914,2,73,CEN-BB,0.5862831858407079,0.41779287800090914
FE,8914,2,62,CEN-BB,0.5393700787401575,0.4098603304972199
FE,37,4,65,FL-BB,0.8857447944474106,0.6112485417893689
FE,37,4,77,FL-BB,0.7793764988009593,0.7119081699565252
FE,37,4,50,FL-BB,0.4753199268738574,0.3389933013483322
FE,37,4,69,FL-BB,0.6913661202185792,0.524135128310547
FE,37,4,71,FL-BB,0.5176938369781312,0.2755413709055944
FE,37,4,63,FL-BB,0.4037285173317798,0.37258736925413877
FE,37,4,57,FL-BB,0.5398936170212766,0.5401004176532735
FE,37,4,56,FL-BB,0.5267175572519084,0.5083141139656788
FE,37,4,58,FL-BB,0.3585850158518271,0.29152178822378877
FE,37,4,78,FL-BB,0.6021650879566982,0.5497601773763906
FE,37,4,75,FL-BB,0.8029121164846594,0.5619925035390367
FE,37,4,49,FL-BB,0.7588270496708558,0.6882484588536029
FE,37,4,54,FL-BB,0.7874193548387097,0.7303063462120419
FE,37,4,66,FL-BB,0.6551535087719298,0.5316530337907145
FE,37,4,76,FL-BB,0.7161192902982257,0.5925949315097416
FE,37,4,70,FL-BB,0.6733668341708543,0.6906268583025582
FE,37,4,53,FL-BB,0.7541882424611636,0.6486882684434104
FE,37,4,55,FL-BB,0.7280617164898746,0.5864431437946901
FE,37,4,74,FL-BB,0.5899632802937577,0.5377336030443031
FE,37,4,59,FL-BB,0.5229445506692161,0.4827381643025725
FE,37,4,61,FL-BB,0.7668405534134725,0.5257768393355968
FE,37,4,60,FL-BB,0.23696682464454977,0.2908316187561197
FE,37,4,80,FL-BB,0.5174013921113689,0.49793428737927475
FE,37,4,79,FL-BB,0.7246631517281781,0.6024144963514839
FE,37,4,52,FL-BB,0.8158697863682605,0.7244493531784995
FE,37,4,68,FL-BB,0.7718052738336714,0.6678399629429982
FE,37,4,51,FL-BB,0.5261548913043478,0.4813733261107213
FE,37,4,72,FL-BB,0.686413393432067,0.6207454134419752
FE,37,4,67,FL-BB,0.6906077348066298,0.6101057622187064
FE,37,4,64,FL-BB,0.6230191826522101,0.5919125692293835
FE,37,4,73,FL-BB,0.7699115044247787,0.7197715087204469
FE,37,4,62,FL-BB,0.6801181102362205,0.6521294290261412
FE,1665,4,65,FL-BB,0.7426588360918313,0.4945158212253588
FE,1665,4,77,FL-BB,0.7342126298960832,0.6317223707976503
FE,1665,4,50,FL-BB,0.6718464351005484,0.5038066555894029
FE,1665,4,69,FL-BB,0.7265573770491803,0.5466771241178287
FE,1665,4,71,FL-BB,0.7200795228628231,0.5414850156096339
FE,1665,4,63,FL-BB,0.5662685697640547,0.39520917371213304
FE,1665,4,57,FL-BB,0.6907294832826748,0.5826938247836017
FE,1665,4,56,FL-BB,0.6701199563794984,0.45547279799308565
FE,1665,4,58,FL-BB,0.5434673786083765,0.33156668021429325
FE,1665,4,78,FL-BB,0.631935047361299,0.5697247584196661
FE,1665,4,75,FL-BB,0.7977119084763391,0.5232599923951464
FE,1665,4,49,FL-BB,0.708557749850389,0.6566161603100366
FE,1665,4,54,FL-BB,0.5916129032258064,0.513863095380631
FE,1665,4,66,FL-BB,0.7615131578947368,0.6303182179676907
FE,1665,4,76,FL-BB,0.6345790864477161,0.4930513541433116
FE,1665,4,70,FL-BB,0.6850921273031826,0.5644474413407408
FE,1665,4,53,FL-BB,0.6579348157173317,0.49172270675428736
FE,1665,4,55,FL-BB,0.7955641272902604,0.6460493347035215
FE,1665,4,74,FL-BB,0.48776009791921665,0.4515727571664468
FE,1665,4,59,FL-BB,0.8097514340344169,0.6758357424454883
FE,1665,4,61,FL-BB,0.7341800861873441,0.48801703399411267
FE,1665,4,60,FL-BB,0.5868878357030016,0.4522850262327768
FE,1665,4,80,FL-BB,0.8010440835266821,0.5373702603376115
FE,1665,4,79,FL-BB,0.7460456942003515,0.5283496517991543
FE,1665,4,52,FL-BB,0.7065106815869786,0.6234495473996888
FE,1665,4,68,FL-BB,0.8118661257606491,0.6959302974454012
FE,1665,4,51,FL-BB,0.5509510869565217,0.48326362119476735
FE,1665,4,72,FL-BB,0.5875724404378622,0.5447583023221102
FE,1665,4,67,FL-BB,0.7598810029749257,0.665801130810837
FE,1665,4,64,FL-BB,0.6726438698915763,0.5279531000187311
FE,1665,4,73,FL-BB,0.7470501474926253,0.668491436624939
FE,1665,4,62,FL-BB,0.7534448818897638,0.5997043957342069
FE,8914,4,65,FL-BB,0.7768286171916711,0.5126912677226143
FE,8914,4,77,FL-BB,0.7446043165467626,0.6786602493969642
FE,8914,4,50,FL-BB,0.4606946983546618,0.38456961119478
FE,8914,4,69,FL-BB,0.5733333333333334,0.30443757537047783
FE,8914,4,71,FL-BB,0.6,0.39804709147495276
FE,8914,4,63,FL-BB,0.4841246722982814,0.39167121743423744
FE,8914,4,57,FL-BB,0.6880699088145896,0.5869292759025002
FE,8914,4,56,FL-BB,0.5398037077426391,0.4244268640497547
FE,8914,4,58,FL-BB,0.5941932254296679,0.3968169101831811
FE,8914,4,78,FL-BB,0.46008119079837617,0.4008239870487338
FE,8914,4,75,FL-BB,0.7535101404056163,0.42709223228346144
FE,8914,4,49,FL-BB,0.7235188509874326,0.6567727112418501
FE,8914,4,54,FL-BB,0.6306451612903226,0.48961771630354084
FE,8914,4,66,FL-BB,0.7850877192982456,0.5525052879595289
FE,8914,4,76,FL-BB,0.5730464326160816,0.36072985299605137
FE,8914,4,70,FL-BB,0.5728643216080402,0.4512147511448857
FE,8914,4,53,FL-BB,0.6609808102345416,0.47479171953171717
FE,8914,4,55,FL-BB,0.7955641272902604,0.6958767172680232
FE,8914,4,74,FL-BB,0.5538555691554468,0.48153703943045
FE,8914,4,59,FL-BB,0.7036328871892925,0.543068065565595
FE,8914,4,61,FL-BB,0.6491267861193014,0.32421799813311936
FE,8914,4,60,FL-BB,0.6398104265402843,0.47997350481872886
FE,8914,4,80,FL-BB,0.7180974477958236,0.4740174328667028
FE,8914,4,79,FL-BB,0.7855887521968365,0.5389406822109541
FE,8914,4,52,FL-BB,0.7273652085452695,0.6013202122372222
FE,8914,4,68,FL-BB,0.7327586206896551,0.5697122079949706
FE,8914,4,51,FL-BB,0.5614809782608695,0.4330733520531608
FE,8914,4,72,FL-BB,0.5688989053444945,0.49386123459274417
FE,8914,4,67,FL-BB,0.7190820229494262,0.5702384247668323
FE,8914,4,64,FL-BB,0.6467889908256881,0.44554020552579604
FE,8914,4,73,FL-BB,0.7536873156342183,0.6201427105456359
FE,8914,4,62,FL-BB,0.7357283464566929,0.6550559972947657
FE,37,4,65,CEN-BB,0.8344901227976508,0.578239394113706
FE,37,4,77,CEN-BB,0.8061550759392486,0.7176660519979322
FE,37,4,50,CEN-BB,0.47074954296160876,0.24017244384335168
FE,37,4,69,CEN-BB,0.5886338797814208,0.39539250404728693
FE,37,4,71,CEN-BB,0.5825049701789264,0.3509662513917203
FE,37,4,63,CEN-BB,0.5805418001747743,0.45785644647275797
FE,37,4,57,CEN-BB,0.574468085106383,0.4747463465103089
FE,37,4,56,CEN-BB,0.5959651035986914,0.5489587893982255
FE,37,4,58,CEN-BB,0.39062239279159017,0.2988655511323194
FE,37,4,78,CEN-BB,0.6292286874154263,0.4863180496441631
FE,37,4,75,CEN-BB,0.8403536141445658,0.5603897888232984
FE,37,4,49,CEN-BB,0.6690604428485937,0.6465773010509407
FE,37,4,54,CEN-BB,0.7967741935483871,0.7142803139980283
FE,37,4,66,CEN-BB,0.6145833333333334,0.5432888345859169
FE,37,4,76,CEN-BB,0.5994714986787467,0.4955703592753183
FE,37,4,70,CEN-BB,0.6716917922948074,0.6503657157148319
FE,37,4,53,CEN-BB,0.8486140724946695,0.7245285193018904
FE,37,4,55,CEN-BB,0.7791706846673095,0.5945960216269501
FE,37,4,74,CEN-BB,0.48225214198286415,0.4674354301391012
FE,37,4,59,CEN-BB,0.7237093690248566,0.5545585429616702
FE,37,4,61,CEN-BB,0.7391698797913359,0.5131917186774066
FE,37,4,60,CEN-BB,0.27606635071090047,0.2526013635765076
FE,37,4,80,CEN-BB,0.617169373549884,0.49729678965417407
FE,37,4,79,CEN-BB,0.6745752782659636,0.5236401795436725
FE,37,4,52,CEN-BB,0.8016276703967447,0.7333419941762934
FE,37,4,68,CEN-BB,0.7337728194726166,0.6414961934153156
FE,37,4,51,CEN-BB,0.5652173913043478,0.49346832089950815
FE,37,4,72,CEN-BB,0.6448808757244043,0.6057051752495741
FE,37,4,67,CEN-BB,0.6332341691457714,0.5885717875212186
FE,37,4,64,CEN-BB,0.5909090909090909,0.513673053745069
FE,37,4,73,CEN-BB,0.6954277286135693,0.5970976371446693
FE,37,4,62,CEN-BB,0.6624015748031497,0.6345485152088047
FE,1665,4,65,CEN-BB,0.7640149492792312,0.5534079940045674
FE,1665,4,77,CEN-BB,0.7705835331734612,0.6203643437443039
FE,1665,4,50,CEN-BB,0.7047531992687386,0.4065068846011089
FE,1665,4,69,CEN-BB,0.6561748633879781,0.4121472727500565
FE,1665,4,71,CEN-BB,0.6767395626242545,0.4289697982218808
FE,1665,4,63,CEN-BB,0.6032624526653073,0.4333162552344442
FE,1665,4,57,CEN-BB,0.5824468085106383,0.4235963845761731
FE,1665,4,56,CEN-BB,0.6275899672846238,0.41824411299606495
FE,1665,4,58,CEN-BB,0.3734356749541131,0.21282589193660387
FE,1665,4,78,CEN-BB,0.6738836265223275,0.5681943212486983
FE,1665,4,75,CEN-BB,0.8335933437337494,0.5187174668825951
FE,1665,4,49,CEN-BB,0.7336923997606224,0.6560825966406857
FE,1665,4,54,CEN-BB,0.7061290322580646,0.5291747107095096
FE,1665,4,66,CEN-BB,0.7077850877192983,0.5592530765692251
FE,1665,4,76,CEN-BB,0.6149490373725934,0.4232052238294894
FE,1665,4,70,CEN-BB,0.6214405360134003,0.4778677239553173
FE,1665,4,53,CEN-BB,0.7630216265610722,0.5713693001570472
FE,1665,4,55,CEN-BB,0.7058823529411765,0.6100383140860284
FE,1665,4,74,CEN-BB,0.45165238678090575,0.4096280025902398
FE,1665,4,59,CEN-BB,0.7982791586998088,0.5639320234479156
FE,1665,4,61,CEN-BB,0.6244046268995237,0.33863384811565517
FE,1665,4,60,CEN-BB,0.43759873617693523,0.35752963469416926
FE,1665,4,80,CEN-BB,0.75,0.5171964247626551
FE,1665,4,79,CEN-BB,0.6933216168717048,0.5055882966279029
FE,1665,4,52,CEN-BB,0.8402848423194303,0.7342235560782612
FE,1665,4,68,CEN-BB,0.7616632860040567,0.5669976318785374
FE,1665,4,51,CEN-BB,0.5614809782608695,0.37306700065436676
FE,1665,4,72,CEN-BB,0.6844816484224082,0.6085206031003334
FE,1665,4,67,CEN-BB,0.6906077348066298,0.6044998659856121
FE,1665,4,64,CEN-BB,0.6109257714762302,0.348080582108789
FE,1665,4,73,CEN-BB,0.7116519174041298,0.5744924345798751
FE,1665,4,62,CEN-BB,0.6018700787401575,0.47716646118960415
FE,8914,4,65,CEN-BB,0.799252536038441,0.5639922190185185
FE,8914,4,77,CEN-BB,0.8181454836131095,0.746433246582382
FE,8914,4,50,CEN-BB,0.4926873857404022,0.3844832950423012
FE,8914,4,69,CEN-BB,0.5912568306010929,0.34231094993369837
FE,8914,4,71,CEN-BB,0.6660039761431411,0.5549845170436061
FE,8914,4,63,CEN-BB,0.5703466355956889,0.47244886425641663
FE,8914,4,57,CEN-BB,0.78419452887538,0.6639604883129093
FE,8914,4,56,CEN-BB,0.5359869138495092,0.48225594163326385
FE,8914,4,58,CEN-BB,0.542132487902553,0.4037417003154443
FE,8914,4,78,CEN-BB,0.503382949932341,0.5100281573774741
FE,8914,4,75,CEN-BB,0.7285491419656787,0.4833058602927992
FE,8914,4,49,CEN-BB,0.7929383602633154,0.7337474950277239
FE,8914,4,54,CEN-BB,0.694516129032258,0.49253354009098504
FE,8914,4,66,CEN-BB,0.7680921052631579,0.5959811256219077
FE,8914,4,76,CEN-BB,0.5571913929784824,0.37574188848550305
FE,8914,4,70,CEN-BB,0.6892797319932998,0.5573919647248005
FE,8914,4,53,CEN-BB,0.7974413646055437,0.6364687079153418
FE,8914,4,55,CEN-BB,0.7704918032786885,0.6150865957618805
FE,8914,4,74,CEN-BB,0.5575275397796817,0.4839377235807391
FE,8914,4,59,CEN-BB,0.8021032504780115,0.6277687258536969
FE,8914,4,61,CEN-BB,0.706282603765026,0.40807652909766595
FE,8914,4,60,CEN-BB,0.5671406003159558,0.4613458025858957
FE,8914,4,80,CEN-BB,0.722737819025522,0.5861881111972137
FE,8914,4,79,CEN-BB,0.7193907439953134,0.5485223489927976
FE,8914,4,52,CEN-BB,0.7634791454730417,0.6761323776482487
FE,8914,4,68,CEN-BB,0.75,0.6563589529358164
FE,8914,4,51,CEN-BB,0.6776494565217391,0.565829824752175
FE,8914,4,72,CEN-BB,0.6783644558918223,0.5932756304208515
FE,8914,4,67,CEN-BB,0.7586060348491288,0.553456287238596
FE,8914,4,64,CEN-BB,0.7197664720600501,0.5110180026356624
FE,8914,4,73,CEN-BB,0.7551622418879056,0.6025263375874653
FE,8914,4,62,CEN-BB,0.7834645669291339,0.608854452854599
FE,37,8,65,FL-BB,0.8622530699412707,0.5977480520088473
FE,37,8,77,FL-BB,0.8125499600319744,0.7294508306240769
FE,37,8,50,FL-BB,0.596892138939671,0.4594341467273546
FE,37,8,69,FL-BB,0.740327868852459,0.4975232070134794
FE,37,8,71,FL-BB,0.7117296222664016,0.4448710531892538
FE,37,8,63,FL-BB,0.662103116807457,0.40156893273884753
FE,37,8,57,FL-BB,0.6295592705167173,0.5236744342194036
FE,37,8,56,FL-BB,0.5926935659760088,0.5922199397630447
FE,37,8,58,FL-BB,0.42032371099616217,0.33312580995734187
FE,37,8,78,FL-BB,0.7144790257104194,0.6274436798685248
FE,37,8,75,FL-BB,0.7592303692147686,0.5932982646351455
FE,37,8,49,FL-BB,0.8420107719928187,0.7726849038264646
FE,37,8,54,FL-BB,0.8112903225806452,0.6906115169218634
FE,37,8,66,FL-BB,0.8163377192982456,0.7319700280176132
FE,37,8,76,FL-BB,0.768969422423556,0.6615925814579587
FE,37,8,70,FL-BB,0.7328308207705193,0.7240805925227567
FE,37,8,53,FL-BB,0.8001827596710326,0.6789610517044193
FE,37,8,55,FL-BB,0.8148505303760849,0.6663758207467998
FE,37,8,74,FL-BB,0.54406364749082,0.4602670946281119
FE,37,8,59,FL-BB,0.7609942638623327,0.5332693709661197
FE,37,8,61,FL-BB,0.790428668632343,0.48851747862739725
FE,37,8,60,FL-BB,0.3467614533965245,0.3499791615182953
FE,37,8,80,FL-BB,0.6954756380510441,0.5071465950834552
FE,37,8,79,FL-BB,0.6458699472759226,0.5095064539261269
FE,37,8,52,FL-BB,0.8621566632756866,0.770515065102348
FE,37,8,68,FL-BB,0.7971602434077079,0.7160686711774836
FE,37,8,51,FL-BB,0.5896739130434783,0.5910679271020367
FE,37,8,72,FL-BB,0.72730199613651,0.7088556716106333
FE,37,8,67,FL-BB,0.8125796855078623,0.7214493028728495
FE,37,8,64,FL-BB,0.8102585487906588,0.711697784053006
FE,37,8,73,FL-BB,0.831858407079646,0.773911146814919
FE,37,8,62,FL-BB,0.75,0.6799168203542629
FE,1665,8,65,FL-BB,0.8441003737319808,0.5914563985982706
FE,1665,8,77,FL-BB,0.8497202238209433,0.7708709129455057
FE,1665,8,50,FL-BB,0.5877513711151737,0.45827146787592554
FE,1665,8,69,FL-BB,0.8028415300546448,0.6455427130645737
FE,1665,8,71,FL-BB,0.6819085487077535,0.5039625285154632
FE,1665,8,63,FL-BB,0.7203612001165162,0.544829245620127
FE,1665,8,57,FL-BB,0.6664133738601824,0.598511361737302
FE,1665,8,56,FL-BB,0.6248636859323882,0.49562566381979906
FE,1665,8,58,FL-BB,0.5097613882863341,0.39555835229202174
FE,1665,8,78,FL-BB,0.7374830852503383,0.6616196951899452
FE,1665,8,75,FL-BB,0.8335933437337494,0.6190870105356144
FE,1665,8,49,FL-BB,0.7618192698982645,0.7039770719414625
FE,1665,8,54,FL-BB,0.734516129032258,0.5842281139886764
FE,1665,8,66,FL-BB,0.862390350877193,0.6975589132043553
FE,1665,8,76,FL-BB,0.6549641374103435,0.5247523093645572
FE,1665,8,70,FL-BB,0.6247906197654941,0.6153441548860806
FE,1665,8,53,FL-BB,0.720682302771855,0.5822330954575451
FE,1665,8,55,FL-BB,0.8389585342333655,0.7060342336584756
FE,1665,8,74,FL-BB,0.609547123623011,0.527158162798772
FE,1665,8,59,FL-BB,0.8422562141491395,0.8070535190294238
FE,1665,8,61,FL-BB,0.7963256974370606,0.5966021649356799
FE,1665,8,60,FL-BB,0.49921011058451814,0.4656991478510866
FE,1665,8,80,FL-BB,0.7482598607888631,0.6255830293001832
FE,1665,8,79,FL-BB,0.7141183362624487,0.5734309498427539
FE,1665,8,52,FL-BB,0.8336724313326551,0.7841302509410423
FE,1665,8,68,FL-BB,0.8144016227180527,0.6993087754904443
FE,1665,8,51,FL-BB,0.6069972826086957,0.5717850786706308
FE,1665,8,72,FL-BB,0.7205408886027045,0.6151681773242119
FE,1665,8,67,FL-BB,0.8155546111347216,0.6597680819339397
FE,1665,8,64,FL-BB,0.6884904086738949,0.6202527319773913
FE,1665,8,73,FL-BB,0.8030973451327433,0.7113070047750182
FE,1665,8,62,FL-BB,0.7052165354330708,0.6314833089344869
FE,8914,8,65,FL-BB,0.8569140416444208,0.5954728745681992
FE,8914,8,77,FL-BB,0.8864908073541167,0.7976749975645594
FE,8914,8,50,FL-BB,0.5840950639853748,0.4267446757160899
FE,8914,8,69,FL-BB,0.7967213114754098,0.5972350419249863
FE,8914,8,71,FL-BB,0.5145129224652087,0.3592703687059838
FE,8914,8,63,FL-BB,0.6661811826390912,0.5423344305734311
FE,8914,8,57,FL-BB,0.6641337386018237,0.5867864224426249
FE,8914,8,56,FL-BB,0.6248636859323882,0.5237746545621618
FE,8914,8,58,FL-BB,0.4715501418321375,0.35847919764134817
FE,8914,8,78,FL-BB,0.7144790257104194,0.6346276382232207
FE,8914,8,75,FL-BB,0.7472698907956318,0.6025530363759538
FE,8914,8,49,FL-BB,0.8396169958108917,0.760853130020589
FE,8914,8,54,FL-BB,0.6529032258064517,0.5870841237742058
FE,8914,8,66,FL-BB,0.8185307017543859,0.7059356096676177
FE,8914,8,76,FL-BB,0.7063042657606644,0.6022722212063886
FE,8914,8,70,FL-BB,0.6683417085427136,0.647668257250875
FE,8914,8,53,FL-BB,0.8059701492537313,0.6954221729767907
FE,8914,8,55,FL-BB,0.7270973963355835,0.6105020183238198
FE,8914,8,74,FL-BB,0.6242350061199511,0.6022821532345816
FE,8914,8,59,FL-BB,0.719885277246654,0.58733836614509
FE,8914,8,61,FL-BB,0.785892492628714,0.5580100098845936
FE,8914,8,60,FL-BB,0.45023696682464454,0.4438317150690175
FE,8914,8,80,FL-BB,0.6682134570765661,0.5331127512538066
FE,8914,8,79,FL-BB,0.8301113063854716,0.655177631356403
FE,8914,8,52,FL-BB,0.828585961342828,0.7394262006787808
FE,8914,8,68,FL-BB,0.7611561866125761,0.6966375591057936
FE,8914,8,51,FL-BB,0.6182065217391305,0.4967364272116969
FE,8914,8,72,FL-BB,0.6165486155827431,0.6121973457772428
FE,8914,8,67,FL-BB,0.7654058648533787,0.6909673580819483
FE,8914,8,64,FL-BB,0.7848206839032527,0.6996865830104813
FE,8914,8,73,FL-BB,0.8517699115044248,0.7709054683803369
FE,8914,8,62,FL-BB,0.7249015748031497,0.6351573699899861
FE,37,8,65,CEN-BB,0.7837693539775761,0.46658730168889384
FE,37,8,77,CEN-BB,0.8257394084732215,0.6817581701087617
FE,37,8,50,CEN-BB,0.6910420475319927,0.37546411109798755
FE,37,8,69,CEN-BB,0.7147540983606557,0.387961585107357
FE,37,8,71,CEN-BB,0.672365805168986,0.4054226189838874
FE,37,8,63,CEN-BB,0.7261870084474221,0.44310801270144745
FE,37,8,57,CEN-BB,0.6253799392097265,0.4752456076450091
FE,37,8,56,CEN-BB,0.6275899672846238,0.48403700243155207
FE,37,8,58,CEN-BB,0.42983480727515433,0.2796167535630562
FE,37,8,78,CEN-BB,0.7023004059539919,0.6062158644599492
FE,37,8,75,CEN-BB,0.767030681227249,0.5344825186315832
FE,37,8,49,CEN-BB,0.827049670855775,0.7595258471130885
FE,37,8,54,CEN-BB,0.7564516129032258,0.5785159528573793
FE,37,8,66,CEN-BB,0.7949561403508771,0.6647391805163849
FE,37,8,76,CEN-BB,0.7546243865609664,0.5687830979736243
FE,37,8,70,CEN-BB,0.6591289782244556,0.5103733259333549
FE,37,8,53,CEN-BB,0.8285105086810843,0.644288598016187
FE,37,8,55,CEN-BB,0.7839922854387656,0.5742508748358298
FE,37,8,74,CEN-BB,0.503671970624235,0.4431955032573785
FE,37,8,59,CEN-BB,0.745697896749522,0.431614365184382
FE,37,8,61,CEN-BB,0.7389430709911544,0.4348448033042308
FE,37,8,60,CEN-BB,0.5296208530805687,0.35712241794533356
FE,37,8,80,CEN-BB,0.740139211136891,0.3749754953577678
FE,37,8,79,CEN-BB,0.7513181019332161,0.5533663122426243
FE,37,8,52,CEN-BB,0.7904374364191251,0.6920621891549698
FE,37,8,68,CEN-BB,0.7515212981744422,0.612606248614406
FE,37,8,51,CEN-BB,0.578125,0.4060183028340144
FE,37,8,72,CEN-BB,0.7137797810688989,0.6019907873898711
FE,37,8,67,CEN-BB,0.7518062048448789,0.631158539352987
FE,37,8,64,CEN-BB,0.780650542118432,0.572523794891141
FE,37,8,73,CEN-BB,0.8222713864306784,0.6818158801804023
FE,37,8,62,CEN-BB,0.7140748031496063,0.44982686417510376
FE,1665,8,65,CEN-BB,0.8126001067805659,0.567811737554836
FE,1665,8,77,CEN-BB,0.8389288569144684,0.7330316935009973
FE,1665,8,50,CEN-BB,0.676416819012797,0.5286180768069488
FE,1665,8,69,CEN-BB,0.8553005464480874,0.648344785033072
FE,1665,8,71,CEN-BB,0.6791252485089463,0.5305349756030915
FE,1665,8,63,CEN-BB,0.7442470142732304,0.5440305580701796
FE,1665,8,57,CEN-BB,0.7207446808510638,0.6417459918872045
FE,1665,8,56,CEN-BB,0.7001090512540894,0.5655010865449644
FE,1665,8,58,CEN-BB,0.527114967462039,0.39635675603680287
FE,1665,8,78,CEN-BB,0.7997293640054127,0.7424951382815388
FE,1665,8,75,CEN-BB,0.8242329693187728,0.614576896065201
FE,1665,8,49,CEN-BB,0.7917414721723519,0.7152922746199505
FE,1665,8,54,CEN-BB,0.7938709677419354,0.6132938749939169
FE,1665,8,66,CEN-BB,0.8426535087719298,0.6793507771437403
FE,1665,8,76,CEN-BB,0.6878067195167988,0.5500233083215066
FE,1665,8,70,CEN-BB,0.8056951423785594,0.7641054597312958
FE,1665,8,53,CEN-BB,0.768809016143771,0.6280322521882569
FE,1665,8,55,CEN-BB,0.8158148505303761,0.7052994574342687
FE,1665,8,74,CEN-BB,0.5709914320685434,0.5018764338849625
FE,1665,8,59,CEN-BB,0.8938814531548758,0.7750994808247308
FE,1665,8,61,CEN-BB,0.790428668632343,0.602742204889645
FE,1665,8,60,CEN-BB,0.5493680884676145,0.49508281364519063
FE,1665,8,80,CEN-BB,0.7732018561484919,0.6473686865482443
FE,1665,8,79,CEN-BB,0.7167545401288811,0.5855567555845191
FE,1665,8,52,CEN-BB,0.8723296032553408,0.8178591384521635
FE,1665,8,68,CEN-BB,0.8407707910750507,0.7284098429603653
FE,1665,8,51,CEN-BB,0.7143342391304348,0.6956096096227405
FE,1665,8,72,CEN-BB,0.6996136509980683,0.6129005072940724
FE,1665,8,67,CEN-BB,0.800679983000425,0.6484712033092791
FE,1665,8,64,CEN-BB,0.7656380316930775,0.6822919213039247
FE,1665,8,73,CEN-BB,0.8082595870206489,0.7288894024313602
FE,1665,8,62,CEN-BB,0.7106299212598425,0.6064775152191062
FE,8914,8,65,CEN-BB,0.8654564869193807,0.5817031184945093
FE,8914,8,77,CEN-BB,0.85171862509992,0.7191521077539287
FE,8914,8,50,CEN-BB,0.6014625228519196,0.3871322990625005
FE,8914,8,69,CEN-BB,0.833224043715847,0.5865260737651072
FE,8914,8,71,CEN-BB,0.6031809145129224,0.33367467695761277
FE,8914,8,63,CEN-BB,0.7273521701136033,0.5388144073783127
FE,8914,8,57,CEN-BB,0.7549392097264438,0.6163022403395193
FE,8914,8,56,CEN-BB,0.6450381679389313,0.5327306131365079
FE,8914,8,58,CEN-BB,0.5584848990488904,0.3737104605360256
FE,8914,8,78,CEN-BB,0.7550744248985115,0.6094108121814773
FE,8914,8,75,CEN-BB,0.7067082683307332,0.5306717283073147
FE,8914,8,49,CEN-BB,0.8396169958108917,0.7634145417329814
FE,8914,8,54,CEN-BB,0.727741935483871,0.5905713069590528
FE,8914,8,66,CEN-BB,0.7631578947368421,0.7058361934267962
FE,8914,8,76,CEN-BB,0.734239335598339,0.5937125195330725
FE,8914,8,70,CEN-BB,0.8860971524288107,0.813602273665479
FE,8914,8,53,CEN-BB,0.8446542796222967,0.6924279733513458
FE,8914,8,55,CEN-BB,0.7579556412729026,0.6447019272999724
FE,8914,8,74,CEN-BB,0.5477356181150551,0.5316666364666809
FE,8914,8,59,CEN-BB,0.8307839388145315,0.6210473408284878
FE,8914,8,61,CEN-BB,0.7849852574279882,0.5540094457316197
FE,8914,8,60,CEN-BB,0.5584518167456556,0.4316151276277183
FE,8914,8,80,CEN-BB,0.7604408352668214,0.48696903269811015
FE,8914,8,79,CEN-BB,0.7770943175161101,0.6100100220638691
FE,8914,8,52,CEN-BB,0.861648016276704,0.7895018413098386
FE,8914,8,68,CEN-BB,0.8002028397565923,0.6757952209826045
FE,8914,8,51,CEN-BB,0.7027853260869565,0.5464440435532106
FE,8914,8,72,CEN-BB,0.690920798454604,0.6405814957645285
FE,8914,8,67,CEN-BB,0.8181045473863153,0.7183803296268769
FE,8914,8,64,CEN-BB,0.8715596330275229,0.8086912775418845
FE,8914,8,73,CEN-BB,0.8259587020648967,0.6976774774839907
FE,8914,8,62,CEN-BB,0.7214566929133859,0.6991156419848066
